cycle_id,axis,cycle_start,cycle_end,Peak_Torque_pct_of_rated,related_error_code,peak_torque_pct
1,1,2025-11-17 09:00:00+00:00,2025-11-17 09:00:44+00:00,110.8,,
1,2,2025-11-17 09:00:00+00:00,2025-11-17 09:00:44+00:00,55.34,,
1,3,2025-11-17 09:00:00+00:00,2025-11-17 09:00:44+00:00,76.78,,
1,4,2025-11-17 09:00:00+00:00,2025-11-17 09:00:44+00:00,56.77,,
1,5,2025-11-17 09:00:00+00:00,2025-11-17 09:00:44+00:00,77.29,,
1,6,2025-11-17 09:00:00+00:00,2025-11-17 09:00:44+00:00,61.99,,
2,1,2025-11-17 09:01:02+00:00,2025-11-17 09:01:33+00:00,47.85,,
2,2,2025-11-17 09:01:02+00:00,2025-11-17 09:01:33+00:00,64.93,,
2,3,2025-11-17 09:01:02+00:00,2025-11-17 09:01:33+00:00,57.5,,
2,4,2025-11-17 09:01:02+00:00,2025-11-17 09:01:33+00:00,61.32,,
2,5,2025-11-17 09:01:02+00:00,2025-11-17 09:01:33+00:00,70.11,,
2,6,2025-11-17 09:01:02+00:00,2025-11-17 09:01:33+00:00,61.64,,
3,1,2025-11-17 09:01:39+00:00,2025-11-17 09:02:40+00:00,34.76,,
3,2,2025-11-17 09:01:39+00:00,2025-11-17 09:02:40+00:00,62.14,,
3,3,2025-11-17 09:01:39+00:00,2025-11-17 09:02:40+00:00,55.78,,
3,4,2025-11-17 09:01:39+00:00,2025-11-17 09:02:40+00:00,72.06,,
3,5,2025-11-17 09:01:39+00:00,2025-11-17 09:02:40+00:00,81.18,,
3,6,2025-11-17 09:01:39+00:00,2025-11-17 09:02:40+00:00,86.99,,
4,1,2025-11-17 09:02:57+00:00,2025-11-17 09:04:02+00:00,33.79,,
4,2,2025-11-17 09:02:57+00:00,2025-11-17 09:04:02+00:00,48.02,,
4,3,2025-11-17 09:02:57+00:00,2025-11-17 09:04:02+00:00,65.38,,
4,4,2025-11-17 09:02:57+00:00,2025-11-17 09:04:02+00:00,111.0,SRVO-050,
4,5,2025-11-17 09:02:57+00:00,2025-11-17 09:04:02+00:00,85.39,,
4,6,2025-11-17 09:02:57+00:00,2025-11-17 09:04:02+00:00,90.72,SRVO-324,
5,1,2025-11-17 09:04:15+00:00,2025-11-17 09:04:55+00:00,47.18,,
5,2,2025-11-17 09:04:15+00:00,2025-11-17 09:04:55+00:00,67.31,,
5,3,2025-11-17 09:04:15+00:00,2025-11-17 09:04:55+00:00,50.51,,
5,4,2025-11-17 09:04:15+00:00,2025-11-17 09:04:55+00:00,55.93,,
5,5,2025-11-17 09:04:15+00:00,2025-11-17 09:04:55+00:00,46.5,,
5,6,2025-11-17 09:04:15+00:00,2025-11-17 09:04:55+00:00,91.73,SRVO-050,
6,1,2025-11-17 09:05:09+00:00,2025-11-17 09:06:13+00:00,41.36,,
6,2,2025-11-17 09:05:09+00:00,2025-11-17 09:06:13+00:00,53.73,,
6,3,2025-11-17 09:05:09+00:00,2025-11-17 09:06:13+00:00,101.89,SRVO-324,
6,4,2025-11-17 09:05:09+00:00,2025-11-17 09:06:13+00:00,71.95,,
6,5,2025-11-17 09:05:09+00:00,2025-11-17 09:06:13+00:00,115.44,SRVO-050,
6,6,2025-11-17 09:05:09+00:00,2025-11-17 09:06:13+00:00,70.44,,
7,1,2025-11-17 09:06:21+00:00,2025-11-17 09:07:39+00:00,41.63,,
7,2,2025-11-17 09:06:21+00:00,2025-11-17 09:07:39+00:00,33.93,,
7,3,2025-11-17 09:06:21+00:00,2025-11-17 09:07:39+00:00,45.76,,
7,4,2025-11-17 09:06:21+00:00,2025-11-17 09:07:39+00:00,66.79,,
7,5,2025-11-17 09:06:21+00:00,2025-11-17 09:07:39+00:00,50.35,,
7,6,2025-11-17 09:06:21+00:00,2025-11-17 09:07:39+00:00,60.19,,
8,1,2025-11-17 09:07:52+00:00,2025-11-17 09:09:12+00:00,49.98,,
8,2,2025-11-17 09:07:52+00:00,2025-11-17 09:09:12+00:00,49.56,,
8,3,2025-11-17 09:07:52+00:00,2025-11-17 09:09:12+00:00,79.92,,
8,4,2025-11-17 09:07:52+00:00,2025-11-17 09:09:12+00:00,83.34,,
8,5,2025-11-17 09:07:52+00:00,2025-11-17 09:09:12+00:00,61.32,,
8,6,2025-11-17 09:07:52+00:00,2025-11-17 09:09:12+00:00,80.57,,
9,1,2025-11-17 09:09:17+00:00,2025-11-17 09:10:45+00:00,57.49,,
9,2,2025-11-17 09:09:17+00:00,2025-11-17 09:10:45+00:00,49.03,,
9,3,2025-11-17 09:09:17+00:00,2025-11-17 09:10:45+00:00,45.04,,
9,4,2025-11-17 09:09:17+00:00,2025-11-17 09:10:45+00:00,64.88,,
9,5,2025-11-17 09:09:17+00:00,2025-11-17 09:10:45+00:00,100.03,SRVO-324,
9,6,2025-11-17 09:09:17+00:00,2025-11-17 09:10:45+00:00,70.64,,
10,1,2025-11-17 09:10:56+00:00,2025-11-17 09:11:56+00:00,52.93,,
10,2,2025-11-17 09:10:56+00:00,2025-11-17 09:11:56+00:00,73.26,,
10,3,2025-11-17 09:10:56+00:00,2025-11-17 09:11:56+00:00,55.15,,
10,4,2025-11-17 09:10:56+00:00,2025-11-17 09:11:56+00:00,69.62,,
10,5,2025-11-17 09:10:56+00:00,2025-11-17 09:11:56+00:00,53.72,,
10,6,2025-11-17 09:10:56+00:00,2025-11-17 09:11:56+00:00,85.6,,
11,1,2025-11-17 09:12:04+00:00,2025-11-17 09:13:25+00:00,32.78,,
11,2,2025-11-17 09:12:04+00:00,2025-11-17 09:13:25+00:00,62.98,,
11,3,2025-11-17 09:12:04+00:00,2025-11-17 09:13:25+00:00,59.19,,
11,4,2025-11-17 09:12:04+00:00,2025-11-17 09:13:25+00:00,63.79,,
11,5,2025-11-17 09:12:04+00:00,2025-11-17 09:13:25+00:00,67.0,,
11,6,2025-11-17 09:12:04+00:00,2025-11-17 09:13:25+00:00,61.99,,
12,1,2025-11-17 09:13:32+00:00,2025-11-17 09:14:49+00:00,37.52,,
12,2,2025-11-17 09:13:32+00:00,2025-11-17 09:14:49+00:00,63.37,,
12,3,2025-11-17 09:13:32+00:00,2025-11-17 09:14:49+00:00,60.12,,
12,4,2025-11-17 09:13:32+00:00,2025-11-17 09:14:49+00:00,61.92,,
12,5,2025-11-17 09:13:32+00:00,2025-11-17 09:14:49+00:00,74.43,,
12,6,2025-11-17 09:13:32+00:00,2025-11-17 09:14:49+00:00,76.01,,
13,1,2025-11-17 09:15:05+00:00,2025-11-17 09:15:47+00:00,42.07,,
13,2,2025-11-17 09:15:05+00:00,2025-11-17 09:15:47+00:00,115.07,SRVO-160,
13,3,2025-11-17 09:15:05+00:00,2025-11-17 09:15:47+00:00,48.8,,
13,4,2025-11-17 09:15:05+00:00,2025-11-17 09:15:47+00:00,57.45,,
13,5,2025-11-17 09:15:05+00:00,2025-11-17 09:15:47+00:00,70.32,,
13,6,2025-11-17 09:15:05+00:00,2025-11-17 09:15:47+00:00,57.74,,
14,1,2025-11-17 09:16:05+00:00,2025-11-17 09:17:22+00:00,50.22,,
14,2,2025-11-17 09:16:05+00:00,2025-11-17 09:17:22+00:00,71.94,,
14,3,2025-11-17 09:16:05+00:00,2025-11-17 09:17:22+00:00,61.51,,
14,4,2025-11-17 09:16:05+00:00,2025-11-17 09:17:22+00:00,62.07,,
14,5,2025-11-17 09:16:05+00:00,2025-11-17 09:17:22+00:00,63.82,,
14,6,2025-11-17 09:16:05+00:00,2025-11-17 09:17:22+00:00,83.99,,
15,1,2025-11-17 09:17:30+00:00,2025-11-17 09:18:37+00:00,41.74,,
15,2,2025-11-17 09:17:30+00:00,2025-11-17 09:18:37+00:00,73.46,,
15,3,2025-11-17 09:17:30+00:00,2025-11-17 09:18:37+00:00,79.33,,
15,4,2025-11-17 09:17:30+00:00,2025-11-17 09:18:37+00:00,67.57,,
15,5,2025-11-17 09:17:30+00:00,2025-11-17 09:18:37+00:00,69.88,,
15,6,2025-11-17 09:17:30+00:00,2025-11-17 09:18:37+00:00,85.31,,
16,1,2025-11-17 09:18:43+00:00,2025-11-17 09:20:03+00:00,60.95,,
16,2,2025-11-17 09:18:43+00:00,2025-11-17 09:20:03+00:00,46.94,,
16,3,2025-11-17 09:18:43+00:00,2025-11-17 09:20:03+00:00,54.73,,
16,4,2025-11-17 09:18:43+00:00,2025-11-17 09:20:03+00:00,51.78,,
16,5,2025-11-17 09:18:43+00:00,2025-11-17 09:20:03+00:00,74.09,,
16,6,2025-11-17 09:18:43+00:00,2025-11-17 09:20:03+00:00,81.67,,
17,1,2025-11-17 09:20:09+00:00,2025-11-17 09:21:39+00:00,36.5,,
17,2,2025-11-17 09:20:09+00:00,2025-11-17 09:21:39+00:00,50.45,,
17,3,2025-11-17 09:20:09+00:00,2025-11-17 09:21:39+00:00,46.53,,
17,4,2025-11-17 09:20:09+00:00,2025-11-17 09:21:39+00:00,56.01,,
17,5,2025-11-17 09:20:09+00:00,2025-11-17 09:21:39+00:00,75.51,,
17,6,2025-11-17 09:20:09+00:00,2025-11-17 09:21:39+00:00,67.67,,
18,1,2025-11-17 09:21:54+00:00,2025-11-17 09:23:18+00:00,46.99,,
18,2,2025-11-17 09:21:54+00:00,2025-11-17 09:23:18+00:00,108.51,SRVO-050,
18,3,2025-11-17 09:21:54+00:00,2025-11-17 09:23:18+00:00,59.53,,
18,4,2025-11-17 09:21:54+00:00,2025-11-17 09:23:18+00:00,67.1,,
18,5,2025-11-17 09:21:54+00:00,2025-11-17 09:23:18+00:00,109.66,SRVO-324,
18,6,2025-11-17 09:21:54+00:00,2025-11-17 09:23:18+00:00,90.45,,
19,1,2025-11-17 09:23:26+00:00,2025-11-17 09:24:19+00:00,43.67,,
19,2,2025-11-17 09:23:26+00:00,2025-11-17 09:24:19+00:00,54.03,,
19,3,2025-11-17 09:23:26+00:00,2025-11-17 09:24:19+00:00,70.11,,
19,4,2025-11-17 09:23:26+00:00,2025-11-17 09:24:19+00:00,100.29,SRVO-160,
19,5,2025-11-17 09:23:26+00:00,2025-11-17 09:24:19+00:00,57.56,,
19,6,2025-11-17 09:23:26+00:00,2025-11-17 09:24:19+00:00,79.5,,
20,1,2025-11-17 09:24:31+00:00,2025-11-17 09:25:04+00:00,42.92,,
20,2,2025-11-17 09:24:31+00:00,2025-11-17 09:25:04+00:00,49.61,,
20,3,2025-11-17 09:24:31+00:00,2025-11-17 09:25:04+00:00,52.8,,
20,4,2025-11-17 09:24:31+00:00,2025-11-17 09:25:04+00:00,53.74,,
20,5,2025-11-17 09:24:31+00:00,2025-11-17 09:25:04+00:00,69.59,,
20,6,2025-11-17 09:24:31+00:00,2025-11-17 09:25:04+00:00,60.25,,
21,1,2025-11-17 09:25:18+00:00,2025-11-17 09:26:46+00:00,59.47,,
21,2,2025-11-17 09:25:18+00:00,2025-11-17 09:26:46+00:00,55.55,,
21,3,2025-11-17 09:25:18+00:00,2025-11-17 09:26:46+00:00,64.22,,
21,4,2025-11-17 09:25:18+00:00,2025-11-17 09:26:46+00:00,60.34,,
21,5,2025-11-17 09:25:18+00:00,2025-11-17 09:26:46+00:00,108.95,,
21,6,2025-11-17 09:25:18+00:00,2025-11-17 09:26:46+00:00,77.88,,
22,1,2025-11-17 09:26:59+00:00,2025-11-17 09:28:16+00:00,104.21,SRVO-160,
22,2,2025-11-17 09:26:59+00:00,2025-11-17 09:28:16+00:00,114.47,SRVO-050,
22,3,2025-11-17 09:26:59+00:00,2025-11-17 09:28:16+00:00,65.93,,
22,4,2025-11-17 09:26:59+00:00,2025-11-17 09:28:16+00:00,63.83,,
22,5,2025-11-17 09:26:59+00:00,2025-11-17 09:28:16+00:00,77.33,,
22,6,2025-11-17 09:26:59+00:00,2025-11-17 09:28:16+00:00,67.76,,
23,1,2025-11-17 09:28:28+00:00,2025-11-17 09:29:03+00:00,40.99,,
23,2,2025-11-17 09:28:28+00:00,2025-11-17 09:29:03+00:00,50.93,,
23,3,2025-11-17 09:28:28+00:00,2025-11-17 09:29:03+00:00,55.69,,
23,4,2025-11-17 09:28:28+00:00,2025-11-17 09:29:03+00:00,73.06,,
23,5,2025-11-17 09:28:28+00:00,2025-11-17 09:29:03+00:00,77.97,,
23,6,2025-11-17 09:28:28+00:00,2025-11-17 09:29:03+00:00,94.05,,
24,1,2025-11-17 09:29:12+00:00,2025-11-17 09:29:52+00:00,45.05,,
24,2,2025-11-17 09:29:12+00:00,2025-11-17 09:29:52+00:00,21.52,,
24,3,2025-11-17 09:29:12+00:00,2025-11-17 09:29:52+00:00,55.91,,
24,4,2025-11-17 09:29:12+00:00,2025-11-17 09:29:52+00:00,67.31,,
24,5,2025-11-17 09:29:12+00:00,2025-11-17 09:29:52+00:00,77.15,,
24,6,2025-11-17 09:29:12+00:00,2025-11-17 09:29:52+00:00,78.04,,
25,1,2025-11-17 09:30:05+00:00,2025-11-17 09:31:11+00:00,45.04,,
25,2,2025-11-17 09:30:05+00:00,2025-11-17 09:31:11+00:00,72.14,,
25,3,2025-11-17 09:30:05+00:00,2025-11-17 09:31:11+00:00,49.66,,
25,4,2025-11-17 09:30:05+00:00,2025-11-17 09:31:11+00:00,62.25,,
25,5,2025-11-17 09:30:05+00:00,2025-11-17 09:31:11+00:00,111.68,SRVO-160,
25,6,2025-11-17 09:30:05+00:00,2025-11-17 09:31:11+00:00,75.2,,
26,1,2025-11-17 09:31:25+00:00,2025-11-17 09:32:17+00:00,42.18,,
26,2,2025-11-17 09:31:25+00:00,2025-11-17 09:32:17+00:00,63.53,,
26,3,2025-11-17 09:31:25+00:00,2025-11-17 09:32:17+00:00,62.47,,
26,4,2025-11-17 09:31:25+00:00,2025-11-17 09:32:17+00:00,64.9,,
26,5,2025-11-17 09:31:25+00:00,2025-11-17 09:32:17+00:00,78.79,,
26,6,2025-11-17 09:31:25+00:00,2025-11-17 09:32:17+00:00,79.81,,
27,1,2025-11-17 09:32:25+00:00,2025-11-17 09:33:40+00:00,64.47,,
27,2,2025-11-17 09:32:25+00:00,2025-11-17 09:33:40+00:00,50.4,,
27,3,2025-11-17 09:32:25+00:00,2025-11-17 09:33:40+00:00,55.7,,
27,4,2025-11-17 09:32:25+00:00,2025-11-17 09:33:40+00:00,51.99,,
27,5,2025-11-17 09:32:25+00:00,2025-11-17 09:33:40+00:00,65.71,,
27,6,2025-11-17 09:32:25+00:00,2025-11-17 09:33:40+00:00,84.65,,
28,1,2025-11-17 09:33:53+00:00,2025-11-17 09:35:07+00:00,63.0,,
28,2,2025-11-17 09:33:53+00:00,2025-11-17 09:35:07+00:00,64.6,,
28,3,2025-11-17 09:33:53+00:00,2025-11-17 09:35:07+00:00,42.06,,
28,4,2025-11-17 09:33:53+00:00,2025-11-17 09:35:07+00:00,75.83,,
28,5,2025-11-17 09:33:53+00:00,2025-11-17 09:35:07+00:00,51.61,,
28,6,2025-11-17 09:33:53+00:00,2025-11-17 09:35:07+00:00,83.98,,
29,1,2025-11-17 09:35:13+00:00,2025-11-17 09:35:57+00:00,46.32,,
29,2,2025-11-17 09:35:13+00:00,2025-11-17 09:35:57+00:00,62.03,,
29,3,2025-11-17 09:35:13+00:00,2025-11-17 09:35:57+00:00,46.68,,
29,4,2025-11-17 09:35:13+00:00,2025-11-17 09:35:57+00:00,76.71,,
29,5,2025-11-17 09:35:13+00:00,2025-11-17 09:35:57+00:00,55.35,,
29,6,2025-11-17 09:35:13+00:00,2025-11-17 09:35:57+00:00,68.32,,
30,1,2025-11-17 09:36:05+00:00,2025-11-17 09:37:11+00:00,120.21,SRVO-324,
30,2,2025-11-17 09:36:05+00:00,2025-11-17 09:37:11+00:00,37.46,,
30,3,2025-11-17 09:36:05+00:00,2025-11-17 09:37:11+00:00,96.47,SRVO-324,
30,4,2025-11-17 09:36:05+00:00,2025-11-17 09:37:11+00:00,65.18,,
30,5,2025-11-17 09:36:05+00:00,2025-11-17 09:37:11+00:00,96.67,,
30,6,2025-11-17 09:36:05+00:00,2025-11-17 09:37:11+00:00,75.97,,
31,1,2025-11-17 09:37:27+00:00,2025-11-17 09:38:17+00:00,61.17,,
31,2,2025-11-17 09:37:27+00:00,2025-11-17 09:38:17+00:00,57.32,,
31,3,2025-11-17 09:37:27+00:00,2025-11-17 09:38:17+00:00,64.99,,
31,4,2025-11-17 09:37:27+00:00,2025-11-17 09:38:17+00:00,61.58,,
31,5,2025-11-17 09:37:27+00:00,2025-11-17 09:38:17+00:00,71.95,,
31,6,2025-11-17 09:37:27+00:00,2025-11-17 09:38:17+00:00,80.37,,
32,1,2025-11-17 09:38:26+00:00,2025-11-17 09:39:09+00:00,44.22,,
32,2,2025-11-17 09:38:26+00:00,2025-11-17 09:39:09+00:00,54.23,,
32,3,2025-11-17 09:38:26+00:00,2025-11-17 09:39:09+00:00,59.42,,
32,4,2025-11-17 09:38:26+00:00,2025-11-17 09:39:09+00:00,73.26,,
32,5,2025-11-17 09:38:26+00:00,2025-11-17 09:39:09+00:00,59.34,,
32,6,2025-11-17 09:38:26+00:00,2025-11-17 09:39:09+00:00,74.48,,
33,1,2025-11-17 09:39:22+00:00,2025-11-17 09:40:19+00:00,112.7,SRVO-050,
33,2,2025-11-17 09:39:22+00:00,2025-11-17 09:40:19+00:00,66.64,,
33,3,2025-11-17 09:39:22+00:00,2025-11-17 09:40:19+00:00,63.0,,
33,4,2025-11-17 09:39:22+00:00,2025-11-17 09:40:19+00:00,67.63,,
33,5,2025-11-17 09:39:22+00:00,2025-11-17 09:40:19+00:00,62.82,,
33,6,2025-11-17 09:39:22+00:00,2025-11-17 09:40:19+00:00,92.09,,
34,1,2025-11-17 09:40:27+00:00,2025-11-17 09:41:53+00:00,69.39,,
34,2,2025-11-17 09:40:27+00:00,2025-11-17 09:41:53+00:00,63.53,,
34,3,2025-11-17 09:40:27+00:00,2025-11-17 09:41:53+00:00,66.54,,
34,4,2025-11-17 09:40:27+00:00,2025-11-17 09:41:53+00:00,62.65,,
34,5,2025-11-17 09:40:27+00:00,2025-11-17 09:41:53+00:00,73.91,,
34,6,2025-11-17 09:40:27+00:00,2025-11-17 09:41:53+00:00,66.65,,
35,1,2025-11-17 09:42:00+00:00,2025-11-17 09:43:07+00:00,38.74,,
35,2,2025-11-17 09:42:00+00:00,2025-11-17 09:43:07+00:00,40.13,,
35,3,2025-11-17 09:42:00+00:00,2025-11-17 09:43:07+00:00,64.11,,
35,4,2025-11-17 09:42:00+00:00,2025-11-17 09:43:07+00:00,51.22,,
35,5,2025-11-17 09:42:00+00:00,2025-11-17 09:43:07+00:00,65.0,,
35,6,2025-11-17 09:42:00+00:00,2025-11-17 09:43:07+00:00,74.39,,
36,1,2025-11-17 09:43:24+00:00,2025-11-17 09:44:11+00:00,59.95,,
36,2,2025-11-17 09:43:24+00:00,2025-11-17 09:44:11+00:00,49.22,,
36,3,2025-11-17 09:43:24+00:00,2025-11-17 09:44:11+00:00,71.13,,
36,4,2025-11-17 09:43:24+00:00,2025-11-17 09:44:11+00:00,119.43,SRVO-050,
36,5,2025-11-17 09:43:24+00:00,2025-11-17 09:44:11+00:00,63.69,,
36,6,2025-11-17 09:43:24+00:00,2025-11-17 09:44:11+00:00,72.02,,
37,1,2025-11-17 09:44:20+00:00,2025-11-17 09:44:57+00:00,57.69,,
37,2,2025-11-17 09:44:20+00:00,2025-11-17 09:44:57+00:00,49.73,,
37,3,2025-11-17 09:44:20+00:00,2025-11-17 09:44:57+00:00,59.95,,
37,4,2025-11-17 09:44:20+00:00,2025-11-17 09:44:57+00:00,68.99,,
37,5,2025-11-17 09:44:20+00:00,2025-11-17 09:44:57+00:00,77.85,,
37,6,2025-11-17 09:44:20+00:00,2025-11-17 09:44:57+00:00,57.22,,
38,1,2025-11-17 09:45:11+00:00,2025-11-17 09:46:28+00:00,57.15,,
38,2,2025-11-17 09:45:11+00:00,2025-11-17 09:46:28+00:00,122.32,SRVO-050,
38,3,2025-11-17 09:45:11+00:00,2025-11-17 09:46:28+00:00,65.93,,
38,4,2025-11-17 09:45:11+00:00,2025-11-17 09:46:28+00:00,79.19,,
38,5,2025-11-17 09:45:11+00:00,2025-11-17 09:46:28+00:00,84.59,,
38,6,2025-11-17 09:45:11+00:00,2025-11-17 09:46:28+00:00,88.4,,
39,1,2025-11-17 09:46:38+00:00,2025-11-17 09:47:48+00:00,58.7,,
39,2,2025-11-17 09:46:38+00:00,2025-11-17 09:47:48+00:00,75.85,,
39,3,2025-11-17 09:46:38+00:00,2025-11-17 09:47:48+00:00,64.38,,
39,4,2025-11-17 09:46:38+00:00,2025-11-17 09:47:48+00:00,102.55,,
39,5,2025-11-17 09:46:38+00:00,2025-11-17 09:47:48+00:00,69.65,,
39,6,2025-11-17 09:46:38+00:00,2025-11-17 09:47:48+00:00,66.46,,
40,1,2025-11-17 09:48:08+00:00,2025-11-17 09:48:50+00:00,62.9,,
40,2,2025-11-17 09:48:08+00:00,2025-11-17 09:48:50+00:00,55.55,,
40,3,2025-11-17 09:48:08+00:00,2025-11-17 09:48:50+00:00,80.49,,
40,4,2025-11-17 09:48:08+00:00,2025-11-17 09:48:50+00:00,48.75,,
40,5,2025-11-17 09:48:08+00:00,2025-11-17 09:48:50+00:00,64.43,,
40,6,2025-11-17 09:48:08+00:00,2025-11-17 09:48:50+00:00,75.33,,
41,1,2025-11-17 09:49:01+00:00,2025-11-17 09:50:11+00:00,61.37,,
41,2,2025-11-17 09:49:01+00:00,2025-11-17 09:50:11+00:00,58.99,,
41,3,2025-11-17 09:49:01+00:00,2025-11-17 09:50:11+00:00,63.1,,
41,4,2025-11-17 09:49:01+00:00,2025-11-17 09:50:11+00:00,53.73,,
41,5,2025-11-17 09:49:01+00:00,2025-11-17 09:50:11+00:00,58.43,,
41,6,2025-11-17 09:49:01+00:00,2025-11-17 09:50:11+00:00,78.23,,
42,1,2025-11-17 09:50:22+00:00,2025-11-17 09:51:48+00:00,36.36,,
42,2,2025-11-17 09:50:22+00:00,2025-11-17 09:51:48+00:00,101.0,SRVO-050,
42,3,2025-11-17 09:50:22+00:00,2025-11-17 09:51:48+00:00,70.46,,
42,4,2025-11-17 09:50:22+00:00,2025-11-17 09:51:48+00:00,81.02,,
42,5,2025-11-17 09:50:22+00:00,2025-11-17 09:51:48+00:00,63.03,,
42,6,2025-11-17 09:50:22+00:00,2025-11-17 09:51:48+00:00,77.43,,
43,1,2025-11-17 09:51:53+00:00,2025-11-17 09:53:07+00:00,105.97,SRVO-050,
43,2,2025-11-17 09:51:53+00:00,2025-11-17 09:53:07+00:00,63.64,,
43,3,2025-11-17 09:51:53+00:00,2025-11-17 09:53:07+00:00,37.14,,
43,4,2025-11-17 09:51:53+00:00,2025-11-17 09:53:07+00:00,57.17,,
43,5,2025-11-17 09:51:53+00:00,2025-11-17 09:53:07+00:00,77.66,,
43,6,2025-11-17 09:51:53+00:00,2025-11-17 09:53:07+00:00,122.35,,
44,1,2025-11-17 09:53:26+00:00,2025-11-17 09:54:41+00:00,33.7,,
44,2,2025-11-17 09:53:26+00:00,2025-11-17 09:54:41+00:00,60.56,,
44,3,2025-11-17 09:53:26+00:00,2025-11-17 09:54:41+00:00,40.91,,
44,4,2025-11-17 09:53:26+00:00,2025-11-17 09:54:41+00:00,72.7,,
44,5,2025-11-17 09:53:26+00:00,2025-11-17 09:54:41+00:00,81.18,,
44,6,2025-11-17 09:53:26+00:00,2025-11-17 09:54:41+00:00,61.31,,
45,1,2025-11-17 09:54:59+00:00,2025-11-17 09:55:36+00:00,53.28,,
45,2,2025-11-17 09:54:59+00:00,2025-11-17 09:55:36+00:00,65.57,,
45,3,2025-11-17 09:54:59+00:00,2025-11-17 09:55:36+00:00,55.51,,
45,4,2025-11-17 09:54:59+00:00,2025-11-17 09:55:36+00:00,71.74,,
45,5,2025-11-17 09:54:59+00:00,2025-11-17 09:55:36+00:00,42.15,,
45,6,2025-11-17 09:54:59+00:00,2025-11-17 09:55:36+00:00,85.98,,
46,1,2025-11-17 09:55:44+00:00,2025-11-17 09:56:19+00:00,50.3,,
46,2,2025-11-17 09:55:44+00:00,2025-11-17 09:56:19+00:00,52.42,,
46,3,2025-11-17 09:55:44+00:00,2025-11-17 09:56:19+00:00,69.84,,
46,4,2025-11-17 09:55:44+00:00,2025-11-17 09:56:19+00:00,82.29,,
46,5,2025-11-17 09:55:44+00:00,2025-11-17 09:56:19+00:00,74.86,,
46,6,2025-11-17 09:55:44+00:00,2025-11-17 09:56:19+00:00,97.34,,
47,1,2025-11-17 09:56:29+00:00,2025-11-17 09:57:41+00:00,52.36,,
47,2,2025-11-17 09:56:29+00:00,2025-11-17 09:57:41+00:00,45.61,,
47,3,2025-11-17 09:56:29+00:00,2025-11-17 09:57:41+00:00,56.16,,
47,4,2025-11-17 09:56:29+00:00,2025-11-17 09:57:41+00:00,62.94,,
47,5,2025-11-17 09:56:29+00:00,2025-11-17 09:57:41+00:00,86.06,,
47,6,2025-11-17 09:56:29+00:00,2025-11-17 09:57:41+00:00,54.19,,
48,1,2025-11-17 09:57:56+00:00,2025-11-17 09:58:32+00:00,62.06,,
48,2,2025-11-17 09:57:56+00:00,2025-11-17 09:58:32+00:00,45.63,,
48,3,2025-11-17 09:57:56+00:00,2025-11-17 09:58:32+00:00,46.28,,
48,4,2025-11-17 09:57:56+00:00,2025-11-17 09:58:32+00:00,76.8,,
48,5,2025-11-17 09:57:56+00:00,2025-11-17 09:58:32+00:00,77.32,,
48,6,2025-11-17 09:57:56+00:00,2025-11-17 09:58:32+00:00,87.55,,
49,1,2025-11-17 09:58:48+00:00,2025-11-17 10:00:06+00:00,58.01,,
49,2,2025-11-17 09:58:48+00:00,2025-11-17 10:00:06+00:00,75.6,,
49,3,2025-11-17 09:58:48+00:00,2025-11-17 10:00:06+00:00,123.63,SRVO-160,
49,4,2025-11-17 09:58:48+00:00,2025-11-17 10:00:06+00:00,63.44,,
49,5,2025-11-17 09:58:48+00:00,2025-11-17 10:00:06+00:00,54.88,,
49,6,2025-11-17 09:58:48+00:00,2025-11-17 10:00:06+00:00,80.35,,
50,1,2025-11-17 10:00:16+00:00,2025-11-17 10:01:00+00:00,44.03,,
50,2,2025-11-17 10:00:16+00:00,2025-11-17 10:01:00+00:00,43.92,,
50,3,2025-11-17 10:00:16+00:00,2025-11-17 10:01:00+00:00,41.25,,
50,4,2025-11-17 10:00:16+00:00,2025-11-17 10:01:00+00:00,62.85,,
50,5,2025-11-17 10:00:16+00:00,2025-11-17 10:01:00+00:00,57.35,,
50,6,2025-11-17 10:00:16+00:00,2025-11-17 10:01:00+00:00,75.56,,
51,1,2025-11-17 10:01:19+00:00,2025-11-17 10:02:03+00:00,67.69,,
51,2,2025-11-17 10:01:19+00:00,2025-11-17 10:02:03+00:00,110.26,,
51,3,2025-11-17 10:01:19+00:00,2025-11-17 10:02:03+00:00,45.39,,
51,4,2025-11-17 10:01:19+00:00,2025-11-17 10:02:03+00:00,76.91,,
51,5,2025-11-17 10:01:19+00:00,2025-11-17 10:02:03+00:00,76.75,,
51,6,2025-11-17 10:01:19+00:00,2025-11-17 10:02:03+00:00,57.84,,
52,1,2025-11-17 10:02:21+00:00,2025-11-17 10:03:00+00:00,77.11,,
52,2,2025-11-17 10:02:21+00:00,2025-11-17 10:03:00+00:00,54.36,,
52,3,2025-11-17 10:02:21+00:00,2025-11-17 10:03:00+00:00,51.23,,
52,4,2025-11-17 10:02:21+00:00,2025-11-17 10:03:00+00:00,50.93,,
52,5,2025-11-17 10:02:21+00:00,2025-11-17 10:03:00+00:00,67.8,,
52,6,2025-11-17 10:02:21+00:00,2025-11-17 10:03:00+00:00,98.63,SRVO-050,
53,1,2025-11-17 10:03:08+00:00,2025-11-17 10:03:43+00:00,37.42,,
53,2,2025-11-17 10:03:08+00:00,2025-11-17 10:03:43+00:00,63.79,,
53,3,2025-11-17 10:03:08+00:00,2025-11-17 10:03:43+00:00,59.56,,
53,4,2025-11-17 10:03:08+00:00,2025-11-17 10:03:43+00:00,75.87,,
53,5,2025-11-17 10:03:08+00:00,2025-11-17 10:03:43+00:00,71.75,,
53,6,2025-11-17 10:03:08+00:00,2025-11-17 10:03:43+00:00,55.68,,
54,1,2025-11-17 10:03:56+00:00,2025-11-17 10:05:11+00:00,60.97,,
54,2,2025-11-17 10:03:56+00:00,2025-11-17 10:05:11+00:00,34.87,,
54,3,2025-11-17 10:03:56+00:00,2025-11-17 10:05:11+00:00,41.3,,
54,4,2025-11-17 10:03:56+00:00,2025-11-17 10:05:11+00:00,55.83,,
54,5,2025-11-17 10:03:56+00:00,2025-11-17 10:05:11+00:00,60.96,,
54,6,2025-11-17 10:03:56+00:00,2025-11-17 10:05:11+00:00,88.96,,
55,1,2025-11-17 10:05:26+00:00,2025-11-17 10:06:52+00:00,48.29,,
55,2,2025-11-17 10:05:26+00:00,2025-11-17 10:06:52+00:00,67.47,,
55,3,2025-11-17 10:05:26+00:00,2025-11-17 10:06:52+00:00,54.32,,
55,4,2025-11-17 10:05:26+00:00,2025-11-17 10:06:52+00:00,68.18,,
55,5,2025-11-17 10:05:26+00:00,2025-11-17 10:06:52+00:00,74.74,,
55,6,2025-11-17 10:05:26+00:00,2025-11-17 10:06:52+00:00,81.96,,
56,1,2025-11-17 10:07:02+00:00,2025-11-17 10:08:11+00:00,45.35,,
56,2,2025-11-17 10:07:02+00:00,2025-11-17 10:08:11+00:00,51.22,,
56,3,2025-11-17 10:07:02+00:00,2025-11-17 10:08:11+00:00,57.02,,
56,4,2025-11-17 10:07:02+00:00,2025-11-17 10:08:11+00:00,48.48,,
56,5,2025-11-17 10:07:02+00:00,2025-11-17 10:08:11+00:00,69.16,,
56,6,2025-11-17 10:07:02+00:00,2025-11-17 10:08:11+00:00,71.16,,
57,1,2025-11-17 10:08:16+00:00,2025-11-17 10:08:58+00:00,55.8,,
57,2,2025-11-17 10:08:16+00:00,2025-11-17 10:08:58+00:00,55.91,,
57,3,2025-11-17 10:08:16+00:00,2025-11-17 10:08:58+00:00,73.36,,
57,4,2025-11-17 10:08:16+00:00,2025-11-17 10:08:58+00:00,65.7,,
57,5,2025-11-17 10:08:16+00:00,2025-11-17 10:08:58+00:00,64.38,,
57,6,2025-11-17 10:08:16+00:00,2025-11-17 10:08:58+00:00,75.58,,
58,1,2025-11-17 10:09:07+00:00,2025-11-17 10:10:34+00:00,128.27,,
58,2,2025-11-17 10:09:07+00:00,2025-11-17 10:10:34+00:00,37.27,,
58,3,2025-11-17 10:09:07+00:00,2025-11-17 10:10:34+00:00,56.1,,
58,4,2025-11-17 10:09:07+00:00,2025-11-17 10:10:34+00:00,70.16,,
58,5,2025-11-17 10:09:07+00:00,2025-11-17 10:10:34+00:00,63.47,,
58,6,2025-11-17 10:09:07+00:00,2025-11-17 10:10:34+00:00,68.89,,
59,1,2025-11-17 10:10:43+00:00,2025-11-17 10:11:16+00:00,44.72,,
59,2,2025-11-17 10:10:43+00:00,2025-11-17 10:11:16+00:00,68.53,,
59,3,2025-11-17 10:10:43+00:00,2025-11-17 10:11:16+00:00,27.79,,
59,4,2025-11-17 10:10:43+00:00,2025-11-17 10:11:16+00:00,68.96,,
59,5,2025-11-17 10:10:43+00:00,2025-11-17 10:11:16+00:00,70.34,,
59,6,2025-11-17 10:10:43+00:00,2025-11-17 10:11:16+00:00,58.19,,
60,1,2025-11-17 10:11:23+00:00,2025-11-17 10:12:08+00:00,53.1,,
60,2,2025-11-17 10:11:23+00:00,2025-11-17 10:12:08+00:00,59.76,,
60,3,2025-11-17 10:11:23+00:00,2025-11-17 10:12:08+00:00,65.9,,
60,4,2025-11-17 10:11:23+00:00,2025-11-17 10:12:08+00:00,38.48,,
60,5,2025-11-17 10:11:23+00:00,2025-11-17 10:12:08+00:00,83.66,,
60,6,2025-11-17 10:11:23+00:00,2025-11-17 10:12:08+00:00,67.62,,
61,1,2025-11-17 10:12:18+00:00,2025-11-17 10:12:50+00:00,56.87,,
61,2,2025-11-17 10:12:18+00:00,2025-11-17 10:12:50+00:00,62.41,,
61,3,2025-11-17 10:12:18+00:00,2025-11-17 10:12:50+00:00,51.23,,
61,4,2025-11-17 10:12:18+00:00,2025-11-17 10:12:50+00:00,71.6,,
61,5,2025-11-17 10:12:18+00:00,2025-11-17 10:12:50+00:00,66.15,,
61,6,2025-11-17 10:12:18+00:00,2025-11-17 10:12:50+00:00,54.29,,
62,1,2025-11-17 10:12:59+00:00,2025-11-17 10:14:08+00:00,61.68,,
62,2,2025-11-17 10:12:59+00:00,2025-11-17 10:14:08+00:00,47.25,,
62,3,2025-11-17 10:12:59+00:00,2025-11-17 10:14:08+00:00,51.46,,
62,4,2025-11-17 10:12:59+00:00,2025-11-17 10:14:08+00:00,60.97,,
62,5,2025-11-17 10:12:59+00:00,2025-11-17 10:14:08+00:00,72.72,,
62,6,2025-11-17 10:12:59+00:00,2025-11-17 10:14:08+00:00,74.43,,
63,1,2025-11-17 10:14:21+00:00,2025-11-17 10:15:45+00:00,55.48,,
63,2,2025-11-17 10:14:21+00:00,2025-11-17 10:15:45+00:00,110.15,SRVO-324,
63,3,2025-11-17 10:14:21+00:00,2025-11-17 10:15:45+00:00,59.78,,
63,4,2025-11-17 10:14:21+00:00,2025-11-17 10:15:45+00:00,57.18,,
63,5,2025-11-17 10:14:21+00:00,2025-11-17 10:15:45+00:00,71.24,,
63,6,2025-11-17 10:14:21+00:00,2025-11-17 10:15:45+00:00,93.97,SRVO-324,
64,1,2025-11-17 10:15:52+00:00,2025-11-17 10:16:27+00:00,46.1,,
64,2,2025-11-17 10:15:52+00:00,2025-11-17 10:16:27+00:00,61.87,,
64,3,2025-11-17 10:15:52+00:00,2025-11-17 10:16:27+00:00,71.86,,
64,4,2025-11-17 10:15:52+00:00,2025-11-17 10:16:27+00:00,46.09,,
64,5,2025-11-17 10:15:52+00:00,2025-11-17 10:16:27+00:00,63.62,,
64,6,2025-11-17 10:15:52+00:00,2025-11-17 10:16:27+00:00,85.61,,
65,1,2025-11-17 10:16:33+00:00,2025-11-17 10:17:53+00:00,43.01,,
65,2,2025-11-17 10:16:33+00:00,2025-11-17 10:17:53+00:00,59.15,,
65,3,2025-11-17 10:16:33+00:00,2025-11-17 10:17:53+00:00,123.39,SRVO-050,
65,4,2025-11-17 10:16:33+00:00,2025-11-17 10:17:53+00:00,60.54,,
65,5,2025-11-17 10:16:33+00:00,2025-11-17 10:17:53+00:00,77.3,,
65,6,2025-11-17 10:16:33+00:00,2025-11-17 10:17:53+00:00,65.69,,
66,1,2025-11-17 10:18:07+00:00,2025-11-17 10:19:25+00:00,50.43,,
66,2,2025-11-17 10:18:07+00:00,2025-11-17 10:19:25+00:00,61.87,,
66,3,2025-11-17 10:18:07+00:00,2025-11-17 10:19:25+00:00,39.35,,
66,4,2025-11-17 10:18:07+00:00,2025-11-17 10:19:25+00:00,86.22,,
66,5,2025-11-17 10:18:07+00:00,2025-11-17 10:19:25+00:00,67.17,,
66,6,2025-11-17 10:18:07+00:00,2025-11-17 10:19:25+00:00,54.75,,
67,1,2025-11-17 10:19:39+00:00,2025-11-17 10:20:40+00:00,51.58,,
67,2,2025-11-17 10:19:39+00:00,2025-11-17 10:20:40+00:00,55.33,,
67,3,2025-11-17 10:19:39+00:00,2025-11-17 10:20:40+00:00,59.18,,
67,4,2025-11-17 10:19:39+00:00,2025-11-17 10:20:40+00:00,74.91,,
67,5,2025-11-17 10:19:39+00:00,2025-11-17 10:20:40+00:00,77.47,,
67,6,2025-11-17 10:19:39+00:00,2025-11-17 10:20:40+00:00,77.98,,
68,1,2025-11-17 10:20:46+00:00,2025-11-17 10:21:36+00:00,54.5,,
68,2,2025-11-17 10:20:46+00:00,2025-11-17 10:21:36+00:00,109.55,SRVO-324,
68,3,2025-11-17 10:20:46+00:00,2025-11-17 10:21:36+00:00,128.27,SRVO-160,
68,4,2025-11-17 10:20:46+00:00,2025-11-17 10:21:36+00:00,72.59,,
68,5,2025-11-17 10:20:46+00:00,2025-11-17 10:21:36+00:00,78.13,,
68,6,2025-11-17 10:20:46+00:00,2025-11-17 10:21:36+00:00,66.56,,
69,1,2025-11-17 10:21:51+00:00,2025-11-17 10:22:26+00:00,32.56,,
69,2,2025-11-17 10:21:51+00:00,2025-11-17 10:22:26+00:00,56.57,,
69,3,2025-11-17 10:21:51+00:00,2025-11-17 10:22:26+00:00,62.81,,
69,4,2025-11-17 10:21:51+00:00,2025-11-17 10:22:26+00:00,79.9,,
69,5,2025-11-17 10:21:51+00:00,2025-11-17 10:22:26+00:00,57.3,,
69,6,2025-11-17 10:21:51+00:00,2025-11-17 10:22:26+00:00,86.55,,
70,1,2025-11-17 10:22:35+00:00,2025-11-17 10:23:56+00:00,73.67,,
70,2,2025-11-17 10:22:35+00:00,2025-11-17 10:23:56+00:00,51.22,,
70,3,2025-11-17 10:22:35+00:00,2025-11-17 10:23:56+00:00,47.09,,
70,4,2025-11-17 10:22:35+00:00,2025-11-17 10:23:56+00:00,60.93,,
70,5,2025-11-17 10:22:35+00:00,2025-11-17 10:23:56+00:00,70.14,,
70,6,2025-11-17 10:22:35+00:00,2025-11-17 10:23:56+00:00,80.64,,
71,1,2025-11-17 10:24:13+00:00,2025-11-17 10:25:29+00:00,107.43,,
71,2,2025-11-17 10:24:13+00:00,2025-11-17 10:25:29+00:00,109.25,SRVO-050,
71,3,2025-11-17 10:24:13+00:00,2025-11-17 10:25:29+00:00,71.07,,
71,4,2025-11-17 10:24:13+00:00,2025-11-17 10:25:29+00:00,42.25,,
71,5,2025-11-17 10:24:13+00:00,2025-11-17 10:25:29+00:00,67.96,,
71,6,2025-11-17 10:24:13+00:00,2025-11-17 10:25:29+00:00,106.18,,
72,1,2025-11-17 10:25:39+00:00,2025-11-17 10:26:17+00:00,100.92,SRVO-324,
72,2,2025-11-17 10:25:39+00:00,2025-11-17 10:26:17+00:00,43.79,,
72,3,2025-11-17 10:25:39+00:00,2025-11-17 10:26:17+00:00,76.39,,
72,4,2025-11-17 10:25:39+00:00,2025-11-17 10:26:17+00:00,75.79,,
72,5,2025-11-17 10:25:39+00:00,2025-11-17 10:26:17+00:00,78.09,,
72,6,2025-11-17 10:25:39+00:00,2025-11-17 10:26:17+00:00,73.06,,
73,1,2025-11-17 10:26:22+00:00,2025-11-17 10:27:08+00:00,62.62,,
73,2,2025-11-17 10:26:22+00:00,2025-11-17 10:27:08+00:00,61.47,,
73,3,2025-11-17 10:26:22+00:00,2025-11-17 10:27:08+00:00,64.04,,
73,4,2025-11-17 10:26:22+00:00,2025-11-17 10:27:08+00:00,63.85,,
73,5,2025-11-17 10:26:22+00:00,2025-11-17 10:27:08+00:00,73.18,,
73,6,2025-11-17 10:26:22+00:00,2025-11-17 10:27:08+00:00,77.88,,
74,1,2025-11-17 10:27:20+00:00,2025-11-17 10:28:23+00:00,44.59,,
74,2,2025-11-17 10:27:20+00:00,2025-11-17 10:28:23+00:00,47.25,,
74,3,2025-11-17 10:27:20+00:00,2025-11-17 10:28:23+00:00,50.03,,
74,4,2025-11-17 10:27:20+00:00,2025-11-17 10:28:23+00:00,55.67,,
74,5,2025-11-17 10:27:20+00:00,2025-11-17 10:28:23+00:00,68.12,,
74,6,2025-11-17 10:27:20+00:00,2025-11-17 10:28:23+00:00,71.47,,
75,1,2025-11-17 10:28:30+00:00,2025-11-17 10:29:09+00:00,43.79,,
75,2,2025-11-17 10:28:30+00:00,2025-11-17 10:29:09+00:00,48.05,,
75,3,2025-11-17 10:28:30+00:00,2025-11-17 10:29:09+00:00,62.92,,
75,4,2025-11-17 10:28:30+00:00,2025-11-17 10:29:09+00:00,78.78,,
75,5,2025-11-17 10:28:30+00:00,2025-11-17 10:29:09+00:00,69.89,,
75,6,2025-11-17 10:28:30+00:00,2025-11-17 10:29:09+00:00,74.24,,
76,1,2025-11-17 10:29:23+00:00,2025-11-17 10:30:19+00:00,40.65,,
76,2,2025-11-17 10:29:23+00:00,2025-11-17 10:30:19+00:00,118.66,,
76,3,2025-11-17 10:29:23+00:00,2025-11-17 10:30:19+00:00,70.57,,
76,4,2025-11-17 10:29:23+00:00,2025-11-17 10:30:19+00:00,74.67,,
76,5,2025-11-17 10:29:23+00:00,2025-11-17 10:30:19+00:00,77.19,,
76,6,2025-11-17 10:29:23+00:00,2025-11-17 10:30:19+00:00,93.2,SRVO-050,
77,1,2025-11-17 10:30:26+00:00,2025-11-17 10:31:25+00:00,49.17,,
77,2,2025-11-17 10:30:26+00:00,2025-11-17 10:31:25+00:00,61.49,,
77,3,2025-11-17 10:30:26+00:00,2025-11-17 10:31:25+00:00,54.16,,
77,4,2025-11-17 10:30:26+00:00,2025-11-17 10:31:25+00:00,89.52,,
77,5,2025-11-17 10:30:26+00:00,2025-11-17 10:31:25+00:00,89.84,,
77,6,2025-11-17 10:30:26+00:00,2025-11-17 10:31:25+00:00,75.12,,
78,1,2025-11-17 10:31:41+00:00,2025-11-17 10:32:59+00:00,53.87,,
78,2,2025-11-17 10:31:41+00:00,2025-11-17 10:32:59+00:00,68.59,,
78,3,2025-11-17 10:31:41+00:00,2025-11-17 10:32:59+00:00,58.53,,
78,4,2025-11-17 10:31:41+00:00,2025-11-17 10:32:59+00:00,58.43,,
78,5,2025-11-17 10:31:41+00:00,2025-11-17 10:32:59+00:00,78.74,,
78,6,2025-11-17 10:31:41+00:00,2025-11-17 10:32:59+00:00,75.78,,
79,1,2025-11-17 10:33:09+00:00,2025-11-17 10:33:57+00:00,51.83,,
79,2,2025-11-17 10:33:09+00:00,2025-11-17 10:33:57+00:00,46.66,,
79,3,2025-11-17 10:33:09+00:00,2025-11-17 10:33:57+00:00,42.82,,
79,4,2025-11-17 10:33:09+00:00,2025-11-17 10:33:57+00:00,67.36,,
79,5,2025-11-17 10:33:09+00:00,2025-11-17 10:33:57+00:00,79.05,,
79,6,2025-11-17 10:33:09+00:00,2025-11-17 10:33:57+00:00,72.74,,
80,1,2025-11-17 10:34:10+00:00,2025-11-17 10:35:35+00:00,64.36,,
80,2,2025-11-17 10:34:10+00:00,2025-11-17 10:35:35+00:00,47.96,,
80,3,2025-11-17 10:34:10+00:00,2025-11-17 10:35:35+00:00,49.45,,
80,4,2025-11-17 10:34:10+00:00,2025-11-17 10:35:35+00:00,64.33,,
80,5,2025-11-17 10:34:10+00:00,2025-11-17 10:35:35+00:00,69.17,,
80,6,2025-11-17 10:34:10+00:00,2025-11-17 10:35:35+00:00,82.7,,
81,1,2025-11-17 10:35:43+00:00,2025-11-17 10:36:36+00:00,42.25,,
81,2,2025-11-17 10:35:43+00:00,2025-11-17 10:36:36+00:00,68.68,,
81,3,2025-11-17 10:35:43+00:00,2025-11-17 10:36:36+00:00,79.67,,
81,4,2025-11-17 10:35:43+00:00,2025-11-17 10:36:36+00:00,64.61,,
81,5,2025-11-17 10:35:43+00:00,2025-11-17 10:36:36+00:00,82.5,,
81,6,2025-11-17 10:35:43+00:00,2025-11-17 10:36:36+00:00,64.44,,
82,1,2025-11-17 10:36:45+00:00,2025-11-17 10:37:44+00:00,60.75,,
82,2,2025-11-17 10:36:45+00:00,2025-11-17 10:37:44+00:00,65.47,,
82,3,2025-11-17 10:36:45+00:00,2025-11-17 10:37:44+00:00,68.63,,
82,4,2025-11-17 10:36:45+00:00,2025-11-17 10:37:44+00:00,64.84,,
82,5,2025-11-17 10:36:45+00:00,2025-11-17 10:37:44+00:00,40.46,,
82,6,2025-11-17 10:36:45+00:00,2025-11-17 10:37:44+00:00,68.58,,
83,1,2025-11-17 10:37:58+00:00,2025-11-17 10:38:43+00:00,43.74,,
83,2,2025-11-17 10:37:58+00:00,2025-11-17 10:38:43+00:00,45.22,,
83,3,2025-11-17 10:37:58+00:00,2025-11-17 10:38:43+00:00,61.22,,
83,4,2025-11-17 10:37:58+00:00,2025-11-17 10:38:43+00:00,60.81,,
83,5,2025-11-17 10:37:58+00:00,2025-11-17 10:38:43+00:00,61.75,,
83,6,2025-11-17 10:37:58+00:00,2025-11-17 10:38:43+00:00,64.41,,
84,1,2025-11-17 10:38:58+00:00,2025-11-17 10:40:24+00:00,42.84,,
84,2,2025-11-17 10:38:58+00:00,2025-11-17 10:40:24+00:00,66.21,,
84,3,2025-11-17 10:38:58+00:00,2025-11-17 10:40:24+00:00,53.39,,
84,4,2025-11-17 10:38:58+00:00,2025-11-17 10:40:24+00:00,59.85,,
84,5,2025-11-17 10:38:58+00:00,2025-11-17 10:40:24+00:00,65.43,,
84,6,2025-11-17 10:38:58+00:00,2025-11-17 10:40:24+00:00,78.39,,
85,1,2025-11-17 10:40:43+00:00,2025-11-17 10:41:46+00:00,54.56,,
85,2,2025-11-17 10:40:43+00:00,2025-11-17 10:41:46+00:00,24.55,,
85,3,2025-11-17 10:40:43+00:00,2025-11-17 10:41:46+00:00,70.22,,
85,4,2025-11-17 10:40:43+00:00,2025-11-17 10:41:46+00:00,123.38,,
85,5,2025-11-17 10:40:43+00:00,2025-11-17 10:41:46+00:00,69.58,,
85,6,2025-11-17 10:40:43+00:00,2025-11-17 10:41:46+00:00,74.06,,
86,1,2025-11-17 10:42:06+00:00,2025-11-17 10:42:49+00:00,42.75,,
86,2,2025-11-17 10:42:06+00:00,2025-11-17 10:42:49+00:00,50.5,,
86,3,2025-11-17 10:42:06+00:00,2025-11-17 10:42:49+00:00,49.92,,
86,4,2025-11-17 10:42:06+00:00,2025-11-17 10:42:49+00:00,113.27,SRVO-324,
86,5,2025-11-17 10:42:06+00:00,2025-11-17 10:42:49+00:00,58.82,,
86,6,2025-11-17 10:42:06+00:00,2025-11-17 10:42:49+00:00,90.39,,
87,1,2025-11-17 10:43:09+00:00,2025-11-17 10:44:27+00:00,40.72,,
87,2,2025-11-17 10:43:09+00:00,2025-11-17 10:44:27+00:00,67.43,,
87,3,2025-11-17 10:43:09+00:00,2025-11-17 10:44:27+00:00,63.55,,
87,4,2025-11-17 10:43:09+00:00,2025-11-17 10:44:27+00:00,46.91,,
87,5,2025-11-17 10:43:09+00:00,2025-11-17 10:44:27+00:00,76.35,,
87,6,2025-11-17 10:43:09+00:00,2025-11-17 10:44:27+00:00,73.82,,
88,1,2025-11-17 10:44:32+00:00,2025-11-17 10:45:02+00:00,45.45,,
88,2,2025-11-17 10:44:32+00:00,2025-11-17 10:45:02+00:00,57.45,,
88,3,2025-11-17 10:44:32+00:00,2025-11-17 10:45:02+00:00,116.38,,
88,4,2025-11-17 10:44:32+00:00,2025-11-17 10:45:02+00:00,72.08,,
88,5,2025-11-17 10:44:32+00:00,2025-11-17 10:45:02+00:00,66.36,,
88,6,2025-11-17 10:44:32+00:00,2025-11-17 10:45:02+00:00,87.15,,
89,1,2025-11-17 10:45:07+00:00,2025-11-17 10:45:52+00:00,50.66,,
89,2,2025-11-17 10:45:07+00:00,2025-11-17 10:45:52+00:00,39.73,,
89,3,2025-11-17 10:45:07+00:00,2025-11-17 10:45:52+00:00,77.83,,
89,4,2025-11-17 10:45:07+00:00,2025-11-17 10:45:52+00:00,87.73,,
89,5,2025-11-17 10:45:07+00:00,2025-11-17 10:45:52+00:00,76.19,,
89,6,2025-11-17 10:45:07+00:00,2025-11-17 10:45:52+00:00,75.9,,
90,1,2025-11-17 10:46:00+00:00,2025-11-17 10:47:16+00:00,47.29,,
90,2,2025-11-17 10:46:00+00:00,2025-11-17 10:47:16+00:00,50.36,,
90,3,2025-11-17 10:46:00+00:00,2025-11-17 10:47:16+00:00,72.11,,
90,4,2025-11-17 10:46:00+00:00,2025-11-17 10:47:16+00:00,64.83,,
90,5,2025-11-17 10:46:00+00:00,2025-11-17 10:47:16+00:00,86.74,,
90,6,2025-11-17 10:46:00+00:00,2025-11-17 10:47:16+00:00,75.35,,
91,1,2025-11-17 10:47:32+00:00,2025-11-17 10:48:10+00:00,45.88,,
91,2,2025-11-17 10:47:32+00:00,2025-11-17 10:48:10+00:00,120.61,,
91,3,2025-11-17 10:47:32+00:00,2025-11-17 10:48:10+00:00,55.49,,
91,4,2025-11-17 10:47:32+00:00,2025-11-17 10:48:10+00:00,54.82,,
91,5,2025-11-17 10:47:32+00:00,2025-11-17 10:48:10+00:00,61.78,,
91,6,2025-11-17 10:47:32+00:00,2025-11-17 10:48:10+00:00,62.12,,
92,1,2025-11-17 10:48:24+00:00,2025-11-17 10:49:08+00:00,41.0,,
92,2,2025-11-17 10:48:24+00:00,2025-11-17 10:49:08+00:00,69.19,,
92,3,2025-11-17 10:48:24+00:00,2025-11-17 10:49:08+00:00,50.85,,
92,4,2025-11-17 10:48:24+00:00,2025-11-17 10:49:08+00:00,123.18,SRVO-050,
92,5,2025-11-17 10:48:24+00:00,2025-11-17 10:49:08+00:00,84.5,,
92,6,2025-11-17 10:48:24+00:00,2025-11-17 10:49:08+00:00,62.3,,
93,1,2025-11-17 10:49:18+00:00,2025-11-17 10:50:48+00:00,41.24,,
93,2,2025-11-17 10:49:18+00:00,2025-11-17 10:50:48+00:00,61.8,,
93,3,2025-11-17 10:49:18+00:00,2025-11-17 10:50:48+00:00,62.7,,
93,4,2025-11-17 10:49:18+00:00,2025-11-17 10:50:48+00:00,73.95,,
93,5,2025-11-17 10:49:18+00:00,2025-11-17 10:50:48+00:00,57.22,,
93,6,2025-11-17 10:49:18+00:00,2025-11-17 10:50:48+00:00,72.13,,
94,1,2025-11-17 10:50:55+00:00,2025-11-17 10:51:30+00:00,43.83,,
94,2,2025-11-17 10:50:55+00:00,2025-11-17 10:51:30+00:00,123.34,,
94,3,2025-11-17 10:50:55+00:00,2025-11-17 10:51:30+00:00,70.38,,
94,4,2025-11-17 10:50:55+00:00,2025-11-17 10:51:30+00:00,72.64,,
94,5,2025-11-17 10:50:55+00:00,2025-11-17 10:51:30+00:00,87.28,,
94,6,2025-11-17 10:50:55+00:00,2025-11-17 10:51:30+00:00,108.53,SRVO-324,
95,1,2025-11-17 10:51:45+00:00,2025-11-17 10:52:30+00:00,55.62,,
95,2,2025-11-17 10:51:45+00:00,2025-11-17 10:52:30+00:00,42.76,,
95,3,2025-11-17 10:51:45+00:00,2025-11-17 10:52:30+00:00,79.82,,
95,4,2025-11-17 10:51:45+00:00,2025-11-17 10:52:30+00:00,60.56,,
95,5,2025-11-17 10:51:45+00:00,2025-11-17 10:52:30+00:00,121.66,SRVO-324,
95,6,2025-11-17 10:51:45+00:00,2025-11-17 10:52:30+00:00,76.46,,
96,1,2025-11-17 10:52:35+00:00,2025-11-17 10:54:05+00:00,117.79,SRVO-324,
96,2,2025-11-17 10:52:35+00:00,2025-11-17 10:54:05+00:00,58.97,,
96,3,2025-11-17 10:52:35+00:00,2025-11-17 10:54:05+00:00,68.46,,
96,4,2025-11-17 10:52:35+00:00,2025-11-17 10:54:05+00:00,61.58,,
96,5,2025-11-17 10:52:35+00:00,2025-11-17 10:54:05+00:00,75.32,,
96,6,2025-11-17 10:52:35+00:00,2025-11-17 10:54:05+00:00,79.57,,
97,1,2025-11-17 10:54:10+00:00,2025-11-17 10:55:04+00:00,52.14,,
97,2,2025-11-17 10:54:10+00:00,2025-11-17 10:55:04+00:00,52.97,,
97,3,2025-11-17 10:54:10+00:00,2025-11-17 10:55:04+00:00,62.12,,
97,4,2025-11-17 10:54:10+00:00,2025-11-17 10:55:04+00:00,84.68,,
97,5,2025-11-17 10:54:10+00:00,2025-11-17 10:55:04+00:00,67.05,,
97,6,2025-11-17 10:54:10+00:00,2025-11-17 10:55:04+00:00,87.07,,
98,1,2025-11-17 10:55:15+00:00,2025-11-17 10:56:01+00:00,43.8,,
98,2,2025-11-17 10:55:15+00:00,2025-11-17 10:56:01+00:00,46.19,,
98,3,2025-11-17 10:55:15+00:00,2025-11-17 10:56:01+00:00,92.76,,
98,4,2025-11-17 10:55:15+00:00,2025-11-17 10:56:01+00:00,70.4,,
98,5,2025-11-17 10:55:15+00:00,2025-11-17 10:56:01+00:00,75.68,,
98,6,2025-11-17 10:55:15+00:00,2025-11-17 10:56:01+00:00,80.95,,
99,1,2025-11-17 10:56:21+00:00,2025-11-17 10:57:18+00:00,64.07,,
99,2,2025-11-17 10:56:21+00:00,2025-11-17 10:57:18+00:00,59.08,,
99,3,2025-11-17 10:56:21+00:00,2025-11-17 10:57:18+00:00,68.16,,
99,4,2025-11-17 10:56:21+00:00,2025-11-17 10:57:18+00:00,54.41,,
99,5,2025-11-17 10:56:21+00:00,2025-11-17 10:57:18+00:00,79.84,,
99,6,2025-11-17 10:56:21+00:00,2025-11-17 10:57:18+00:00,72.63,,
100,1,2025-11-17 10:57:24+00:00,2025-11-17 10:58:01+00:00,56.72,,
100,2,2025-11-17 10:57:24+00:00,2025-11-17 10:58:01+00:00,37.85,,
100,3,2025-11-17 10:57:24+00:00,2025-11-17 10:58:01+00:00,125.68,,
100,4,2025-11-17 10:57:24+00:00,2025-11-17 10:58:01+00:00,42.58,,
100,5,2025-11-17 10:57:24+00:00,2025-11-17 10:58:01+00:00,67.73,,
100,6,2025-11-17 10:57:24+00:00,2025-11-17 10:58:01+00:00,79.0,,
101,1,2025-11-17 10:58:10+00:00,2025-11-17 10:59:06+00:00,128.22,SRVO-050,
101,2,2025-11-17 10:58:10+00:00,2025-11-17 10:59:06+00:00,37.37,,
101,3,2025-11-17 10:58:10+00:00,2025-11-17 10:59:06+00:00,52.29,,
101,4,2025-11-17 10:58:10+00:00,2025-11-17 10:59:06+00:00,79.34,,
101,5,2025-11-17 10:58:10+00:00,2025-11-17 10:59:06+00:00,61.03,,
101,6,2025-11-17 10:58:10+00:00,2025-11-17 10:59:06+00:00,44.69,,
102,1,2025-11-17 10:59:11+00:00,2025-11-17 11:00:19+00:00,55.14,,
102,2,2025-11-17 10:59:11+00:00,2025-11-17 11:00:19+00:00,37.33,,
102,3,2025-11-17 10:59:11+00:00,2025-11-17 11:00:19+00:00,51.35,,
102,4,2025-11-17 10:59:11+00:00,2025-11-17 11:00:19+00:00,59.83,,
102,5,2025-11-17 10:59:11+00:00,2025-11-17 11:00:19+00:00,113.72,SRVO-160,
102,6,2025-11-17 10:59:11+00:00,2025-11-17 11:00:19+00:00,70.06,,
103,1,2025-11-17 11:00:24+00:00,2025-11-17 11:01:39+00:00,50.4,,
103,2,2025-11-17 11:00:24+00:00,2025-11-17 11:01:39+00:00,40.77,,
103,3,2025-11-17 11:00:24+00:00,2025-11-17 11:01:39+00:00,64.61,,
103,4,2025-11-17 11:00:24+00:00,2025-11-17 11:01:39+00:00,55.76,,
103,5,2025-11-17 11:00:24+00:00,2025-11-17 11:01:39+00:00,65.49,,
103,6,2025-11-17 11:00:24+00:00,2025-11-17 11:01:39+00:00,77.94,,
104,1,2025-11-17 11:01:57+00:00,2025-11-17 11:03:16+00:00,42.27,,
104,2,2025-11-17 11:01:57+00:00,2025-11-17 11:03:16+00:00,54.42,,
104,3,2025-11-17 11:01:57+00:00,2025-11-17 11:03:16+00:00,44.86,,
104,4,2025-11-17 11:01:57+00:00,2025-11-17 11:03:16+00:00,71.31,,
104,5,2025-11-17 11:01:57+00:00,2025-11-17 11:03:16+00:00,87.65,,
104,6,2025-11-17 11:01:57+00:00,2025-11-17 11:03:16+00:00,102.92,,
105,1,2025-11-17 11:03:35+00:00,2025-11-17 11:04:10+00:00,50.91,,
105,2,2025-11-17 11:03:35+00:00,2025-11-17 11:04:10+00:00,62.88,,
105,3,2025-11-17 11:03:35+00:00,2025-11-17 11:04:10+00:00,42.19,,
105,4,2025-11-17 11:03:35+00:00,2025-11-17 11:04:10+00:00,80.03,,
105,5,2025-11-17 11:03:35+00:00,2025-11-17 11:04:10+00:00,77.76,,
105,6,2025-11-17 11:03:35+00:00,2025-11-17 11:04:10+00:00,70.16,,
106,1,2025-11-17 11:04:22+00:00,2025-11-17 11:05:01+00:00,62.37,,
106,2,2025-11-17 11:04:22+00:00,2025-11-17 11:05:01+00:00,52.46,,
106,3,2025-11-17 11:04:22+00:00,2025-11-17 11:05:01+00:00,119.54,,
106,4,2025-11-17 11:04:22+00:00,2025-11-17 11:05:01+00:00,69.75,,
106,5,2025-11-17 11:04:22+00:00,2025-11-17 11:05:01+00:00,59.78,,
106,6,2025-11-17 11:04:22+00:00,2025-11-17 11:05:01+00:00,64.43,,
107,1,2025-11-17 11:05:11+00:00,2025-11-17 11:06:37+00:00,60.47,,
107,2,2025-11-17 11:05:11+00:00,2025-11-17 11:06:37+00:00,45.54,,
107,3,2025-11-17 11:05:11+00:00,2025-11-17 11:06:37+00:00,51.79,,
107,4,2025-11-17 11:05:11+00:00,2025-11-17 11:06:37+00:00,70.38,,
107,5,2025-11-17 11:05:11+00:00,2025-11-17 11:06:37+00:00,67.48,,
107,6,2025-11-17 11:05:11+00:00,2025-11-17 11:06:37+00:00,71.2,,
108,1,2025-11-17 11:06:55+00:00,2025-11-17 11:07:50+00:00,45.33,,
108,2,2025-11-17 11:06:55+00:00,2025-11-17 11:07:50+00:00,31.74,,
108,3,2025-11-17 11:06:55+00:00,2025-11-17 11:07:50+00:00,106.15,SRVO-050,
108,4,2025-11-17 11:06:55+00:00,2025-11-17 11:07:50+00:00,76.82,,
108,5,2025-11-17 11:06:55+00:00,2025-11-17 11:07:50+00:00,91.11,,
108,6,2025-11-17 11:06:55+00:00,2025-11-17 11:07:50+00:00,66.39,,
109,1,2025-11-17 11:07:55+00:00,2025-11-17 11:09:06+00:00,46.77,,
109,2,2025-11-17 11:07:55+00:00,2025-11-17 11:09:06+00:00,51.33,,
109,3,2025-11-17 11:07:55+00:00,2025-11-17 11:09:06+00:00,55.79,,
109,4,2025-11-17 11:07:55+00:00,2025-11-17 11:09:06+00:00,71.21,,
109,5,2025-11-17 11:07:55+00:00,2025-11-17 11:09:06+00:00,79.48,,
109,6,2025-11-17 11:07:55+00:00,2025-11-17 11:09:06+00:00,71.94,,
110,1,2025-11-17 11:09:18+00:00,2025-11-17 11:10:08+00:00,37.64,,
110,2,2025-11-17 11:09:18+00:00,2025-11-17 11:10:08+00:00,67.74,,
110,3,2025-11-17 11:09:18+00:00,2025-11-17 11:10:08+00:00,59.05,,
110,4,2025-11-17 11:09:18+00:00,2025-11-17 11:10:08+00:00,82.3,,
110,5,2025-11-17 11:09:18+00:00,2025-11-17 11:10:08+00:00,47.54,,
110,6,2025-11-17 11:09:18+00:00,2025-11-17 11:10:08+00:00,76.95,,
111,1,2025-11-17 11:10:13+00:00,2025-11-17 11:11:36+00:00,69.19,,
111,2,2025-11-17 11:10:13+00:00,2025-11-17 11:11:36+00:00,51.47,,
111,3,2025-11-17 11:10:13+00:00,2025-11-17 11:11:36+00:00,127.14,SRVO-050,
111,4,2025-11-17 11:10:13+00:00,2025-11-17 11:11:36+00:00,67.96,,
111,5,2025-11-17 11:10:13+00:00,2025-11-17 11:11:36+00:00,66.4,,
111,6,2025-11-17 11:10:13+00:00,2025-11-17 11:11:36+00:00,81.23,,
112,1,2025-11-17 11:11:54+00:00,2025-11-17 11:12:45+00:00,123.15,,
112,2,2025-11-17 11:11:54+00:00,2025-11-17 11:12:45+00:00,39.88,,
112,3,2025-11-17 11:11:54+00:00,2025-11-17 11:12:45+00:00,62.51,,
112,4,2025-11-17 11:11:54+00:00,2025-11-17 11:12:45+00:00,73.09,,
112,5,2025-11-17 11:11:54+00:00,2025-11-17 11:12:45+00:00,67.36,,
112,6,2025-11-17 11:11:54+00:00,2025-11-17 11:12:45+00:00,67.26,,
113,1,2025-11-17 11:12:52+00:00,2025-11-17 11:14:12+00:00,43.97,,
113,2,2025-11-17 11:12:52+00:00,2025-11-17 11:14:12+00:00,55.02,,
113,3,2025-11-17 11:12:52+00:00,2025-11-17 11:14:12+00:00,49.41,,
113,4,2025-11-17 11:12:52+00:00,2025-11-17 11:14:12+00:00,60.0,,
113,5,2025-11-17 11:12:52+00:00,2025-11-17 11:14:12+00:00,64.84,,
113,6,2025-11-17 11:12:52+00:00,2025-11-17 11:14:12+00:00,96.25,,
114,1,2025-11-17 11:14:30+00:00,2025-11-17 11:15:06+00:00,22.26,,
114,2,2025-11-17 11:14:30+00:00,2025-11-17 11:15:06+00:00,53.2,,
114,3,2025-11-17 11:14:30+00:00,2025-11-17 11:15:06+00:00,77.26,,
114,4,2025-11-17 11:14:30+00:00,2025-11-17 11:15:06+00:00,66.22,,
114,5,2025-11-17 11:14:30+00:00,2025-11-17 11:15:06+00:00,77.53,,
114,6,2025-11-17 11:14:30+00:00,2025-11-17 11:15:06+00:00,76.0,,
115,1,2025-11-17 11:15:14+00:00,2025-11-17 11:16:00+00:00,43.33,,
115,2,2025-11-17 11:15:14+00:00,2025-11-17 11:16:00+00:00,32.58,,
115,3,2025-11-17 11:15:14+00:00,2025-11-17 11:16:00+00:00,62.05,,
115,4,2025-11-17 11:15:14+00:00,2025-11-17 11:16:00+00:00,57.24,,
115,5,2025-11-17 11:15:14+00:00,2025-11-17 11:16:00+00:00,62.0,,
115,6,2025-11-17 11:15:14+00:00,2025-11-17 11:16:00+00:00,70.01,,
116,1,2025-11-17 11:16:13+00:00,2025-11-17 11:17:23+00:00,67.45,,
116,2,2025-11-17 11:16:13+00:00,2025-11-17 11:17:23+00:00,79.05,,
116,3,2025-11-17 11:16:13+00:00,2025-11-17 11:17:23+00:00,62.17,,
116,4,2025-11-17 11:16:13+00:00,2025-11-17 11:17:23+00:00,60.35,,
116,5,2025-11-17 11:16:13+00:00,2025-11-17 11:17:23+00:00,58.23,,
116,6,2025-11-17 11:16:13+00:00,2025-11-17 11:17:23+00:00,111.43,,
117,1,2025-11-17 11:17:40+00:00,2025-11-17 11:19:08+00:00,52.38,,
117,2,2025-11-17 11:17:40+00:00,2025-11-17 11:19:08+00:00,108.84,SRVO-050,
117,3,2025-11-17 11:17:40+00:00,2025-11-17 11:19:08+00:00,69.85,,
117,4,2025-11-17 11:17:40+00:00,2025-11-17 11:19:08+00:00,127.87,,
117,5,2025-11-17 11:17:40+00:00,2025-11-17 11:19:08+00:00,64.55,,
117,6,2025-11-17 11:17:40+00:00,2025-11-17 11:19:08+00:00,77.2,,
118,1,2025-11-17 11:19:13+00:00,2025-11-17 11:19:46+00:00,59.78,,
118,2,2025-11-17 11:19:13+00:00,2025-11-17 11:19:46+00:00,54.02,,
118,3,2025-11-17 11:19:13+00:00,2025-11-17 11:19:46+00:00,124.56,SRVO-324,
118,4,2025-11-17 11:19:13+00:00,2025-11-17 11:19:46+00:00,70.89,,
118,5,2025-11-17 11:19:13+00:00,2025-11-17 11:19:46+00:00,55.15,,
118,6,2025-11-17 11:19:13+00:00,2025-11-17 11:19:46+00:00,54.51,,
119,1,2025-11-17 11:19:56+00:00,2025-11-17 11:21:21+00:00,62.61,,
119,2,2025-11-17 11:19:56+00:00,2025-11-17 11:21:21+00:00,61.17,,
119,3,2025-11-17 11:19:56+00:00,2025-11-17 11:21:21+00:00,60.88,,
119,4,2025-11-17 11:19:56+00:00,2025-11-17 11:21:21+00:00,60.6,,
119,5,2025-11-17 11:19:56+00:00,2025-11-17 11:21:21+00:00,64.71,,
119,6,2025-11-17 11:19:56+00:00,2025-11-17 11:21:21+00:00,64.24,,
120,1,2025-11-17 11:21:37+00:00,2025-11-17 11:22:21+00:00,45.69,,
120,2,2025-11-17 11:21:37+00:00,2025-11-17 11:22:21+00:00,33.8,,
120,3,2025-11-17 11:21:37+00:00,2025-11-17 11:22:21+00:00,52.64,,
120,4,2025-11-17 11:21:37+00:00,2025-11-17 11:22:21+00:00,61.89,,
120,5,2025-11-17 11:21:37+00:00,2025-11-17 11:22:21+00:00,76.1,,
120,6,2025-11-17 11:21:37+00:00,2025-11-17 11:22:21+00:00,74.6,,
121,1,2025-11-17 11:22:27+00:00,2025-11-17 11:23:42+00:00,57.95,,
121,2,2025-11-17 11:22:27+00:00,2025-11-17 11:23:42+00:00,68.49,,
121,3,2025-11-17 11:22:27+00:00,2025-11-17 11:23:42+00:00,70.58,,
121,4,2025-11-17 11:22:27+00:00,2025-11-17 11:23:42+00:00,69.71,,
121,5,2025-11-17 11:22:27+00:00,2025-11-17 11:23:42+00:00,70.12,,
121,6,2025-11-17 11:22:27+00:00,2025-11-17 11:23:42+00:00,65.19,,
122,1,2025-11-17 11:23:51+00:00,2025-11-17 11:24:43+00:00,124.15,,
122,2,2025-11-17 11:23:51+00:00,2025-11-17 11:24:43+00:00,71.8,,
122,3,2025-11-17 11:23:51+00:00,2025-11-17 11:24:43+00:00,62.08,,
122,4,2025-11-17 11:23:51+00:00,2025-11-17 11:24:43+00:00,60.33,,
122,5,2025-11-17 11:23:51+00:00,2025-11-17 11:24:43+00:00,47.37,,
122,6,2025-11-17 11:23:51+00:00,2025-11-17 11:24:43+00:00,106.91,SRVO-160,
123,1,2025-11-17 11:24:50+00:00,2025-11-17 11:26:09+00:00,58.55,,
123,2,2025-11-17 11:24:50+00:00,2025-11-17 11:26:09+00:00,112.37,,
123,3,2025-11-17 11:24:50+00:00,2025-11-17 11:26:09+00:00,56.41,,
123,4,2025-11-17 11:24:50+00:00,2025-11-17 11:26:09+00:00,76.93,,
123,5,2025-11-17 11:24:50+00:00,2025-11-17 11:26:09+00:00,68.6,,
123,6,2025-11-17 11:24:50+00:00,2025-11-17 11:26:09+00:00,69.75,,
124,1,2025-11-17 11:26:16+00:00,2025-11-17 11:27:45+00:00,62.5,,
124,2,2025-11-17 11:26:16+00:00,2025-11-17 11:27:45+00:00,45.66,,
124,3,2025-11-17 11:26:16+00:00,2025-11-17 11:27:45+00:00,52.75,,
124,4,2025-11-17 11:26:16+00:00,2025-11-17 11:27:45+00:00,56.04,,
124,5,2025-11-17 11:26:16+00:00,2025-11-17 11:27:45+00:00,58.57,,
124,6,2025-11-17 11:26:16+00:00,2025-11-17 11:27:45+00:00,76.53,,
125,1,2025-11-17 11:28:02+00:00,2025-11-17 11:28:38+00:00,44.87,,
125,2,2025-11-17 11:28:02+00:00,2025-11-17 11:28:38+00:00,59.89,,
125,3,2025-11-17 11:28:02+00:00,2025-11-17 11:28:38+00:00,42.65,,
125,4,2025-11-17 11:28:02+00:00,2025-11-17 11:28:38+00:00,53.77,,
125,5,2025-11-17 11:28:02+00:00,2025-11-17 11:28:38+00:00,70.52,,
125,6,2025-11-17 11:28:02+00:00,2025-11-17 11:28:38+00:00,89.7,,
126,1,2025-11-17 11:28:46+00:00,2025-11-17 11:29:21+00:00,53.79,,
126,2,2025-11-17 11:28:46+00:00,2025-11-17 11:29:21+00:00,108.89,SRVO-050,
126,3,2025-11-17 11:28:46+00:00,2025-11-17 11:29:21+00:00,52.65,,
126,4,2025-11-17 11:28:46+00:00,2025-11-17 11:29:21+00:00,51.01,,
126,5,2025-11-17 11:28:46+00:00,2025-11-17 11:29:21+00:00,48.47,,
126,6,2025-11-17 11:28:46+00:00,2025-11-17 11:29:21+00:00,74.69,,
127,1,2025-11-17 11:29:41+00:00,2025-11-17 11:30:45+00:00,44.38,,
127,2,2025-11-17 11:29:41+00:00,2025-11-17 11:30:45+00:00,40.71,,
127,3,2025-11-17 11:29:41+00:00,2025-11-17 11:30:45+00:00,71.89,,
127,4,2025-11-17 11:29:41+00:00,2025-11-17 11:30:45+00:00,71.67,,
127,5,2025-11-17 11:29:41+00:00,2025-11-17 11:30:45+00:00,102.19,,
127,6,2025-11-17 11:29:41+00:00,2025-11-17 11:30:45+00:00,88.64,,
128,1,2025-11-17 11:30:51+00:00,2025-11-17 11:32:07+00:00,58.9,,
128,2,2025-11-17 11:30:51+00:00,2025-11-17 11:32:07+00:00,65.57,,
128,3,2025-11-17 11:30:51+00:00,2025-11-17 11:32:07+00:00,63.71,,
128,4,2025-11-17 11:30:51+00:00,2025-11-17 11:32:07+00:00,62.67,,
128,5,2025-11-17 11:30:51+00:00,2025-11-17 11:32:07+00:00,74.21,,
128,6,2025-11-17 11:30:51+00:00,2025-11-17 11:32:07+00:00,83.08,,
129,1,2025-11-17 11:32:15+00:00,2025-11-17 11:33:12+00:00,51.16,,
129,2,2025-11-17 11:32:15+00:00,2025-11-17 11:33:12+00:00,57.29,,
129,3,2025-11-17 11:32:15+00:00,2025-11-17 11:33:12+00:00,57.5,,
129,4,2025-11-17 11:32:15+00:00,2025-11-17 11:33:12+00:00,51.63,,
129,5,2025-11-17 11:32:15+00:00,2025-11-17 11:33:12+00:00,68.26,,
129,6,2025-11-17 11:32:15+00:00,2025-11-17 11:33:12+00:00,68.23,,
130,1,2025-11-17 11:33:32+00:00,2025-11-17 11:34:36+00:00,43.26,,
130,2,2025-11-17 11:33:32+00:00,2025-11-17 11:34:36+00:00,69.34,,
130,3,2025-11-17 11:33:32+00:00,2025-11-17 11:34:36+00:00,69.52,,
130,4,2025-11-17 11:33:32+00:00,2025-11-17 11:34:36+00:00,48.07,,
130,5,2025-11-17 11:33:32+00:00,2025-11-17 11:34:36+00:00,59.15,,
130,6,2025-11-17 11:33:32+00:00,2025-11-17 11:34:36+00:00,71.36,,
131,1,2025-11-17 11:34:46+00:00,2025-11-17 11:35:20+00:00,118.27,SRVO-324,
131,2,2025-11-17 11:34:46+00:00,2025-11-17 11:35:20+00:00,58.17,,
131,3,2025-11-17 11:34:46+00:00,2025-11-17 11:35:20+00:00,51.02,,
131,4,2025-11-17 11:34:46+00:00,2025-11-17 11:35:20+00:00,58.63,,
131,5,2025-11-17 11:34:46+00:00,2025-11-17 11:35:20+00:00,66.25,,
131,6,2025-11-17 11:34:46+00:00,2025-11-17 11:35:20+00:00,74.51,,
132,1,2025-11-17 11:35:31+00:00,2025-11-17 11:36:17+00:00,52.35,,
132,2,2025-11-17 11:35:31+00:00,2025-11-17 11:36:17+00:00,18.12,,
132,3,2025-11-17 11:35:31+00:00,2025-11-17 11:36:17+00:00,51.92,,
132,4,2025-11-17 11:35:31+00:00,2025-11-17 11:36:17+00:00,61.08,,
132,5,2025-11-17 11:35:31+00:00,2025-11-17 11:36:17+00:00,85.05,,
132,6,2025-11-17 11:35:31+00:00,2025-11-17 11:36:17+00:00,64.2,,
133,1,2025-11-17 11:36:36+00:00,2025-11-17 11:37:20+00:00,51.63,,
133,2,2025-11-17 11:36:36+00:00,2025-11-17 11:37:20+00:00,69.95,,
133,3,2025-11-17 11:36:36+00:00,2025-11-17 11:37:20+00:00,46.87,,
133,4,2025-11-17 11:36:36+00:00,2025-11-17 11:37:20+00:00,68.94,,
133,5,2025-11-17 11:36:36+00:00,2025-11-17 11:37:20+00:00,61.98,,
133,6,2025-11-17 11:36:36+00:00,2025-11-17 11:37:20+00:00,69.95,,
134,1,2025-11-17 11:37:30+00:00,2025-11-17 11:38:34+00:00,41.97,,
134,2,2025-11-17 11:37:30+00:00,2025-11-17 11:38:34+00:00,47.68,,
134,3,2025-11-17 11:37:30+00:00,2025-11-17 11:38:34+00:00,128.07,SRVO-050,
134,4,2025-11-17 11:37:30+00:00,2025-11-17 11:38:34+00:00,73.44,,
134,5,2025-11-17 11:37:30+00:00,2025-11-17 11:38:34+00:00,123.6,,
134,6,2025-11-17 11:37:30+00:00,2025-11-17 11:38:34+00:00,63.56,,
135,1,2025-11-17 11:38:52+00:00,2025-11-17 11:39:47+00:00,33.94,,
135,2,2025-11-17 11:38:52+00:00,2025-11-17 11:39:47+00:00,58.95,,
135,3,2025-11-17 11:38:52+00:00,2025-11-17 11:39:47+00:00,70.73,,
135,4,2025-11-17 11:38:52+00:00,2025-11-17 11:39:47+00:00,56.47,,
135,5,2025-11-17 11:38:52+00:00,2025-11-17 11:39:47+00:00,79.65,,
135,6,2025-11-17 11:38:52+00:00,2025-11-17 11:39:47+00:00,82.04,,
136,1,2025-11-17 11:39:59+00:00,2025-11-17 11:41:26+00:00,68.52,,
136,2,2025-11-17 11:39:59+00:00,2025-11-17 11:41:26+00:00,50.82,,
136,3,2025-11-17 11:39:59+00:00,2025-11-17 11:41:26+00:00,49.02,,
136,4,2025-11-17 11:39:59+00:00,2025-11-17 11:41:26+00:00,61.38,,
136,5,2025-11-17 11:39:59+00:00,2025-11-17 11:41:26+00:00,84.36,,
136,6,2025-11-17 11:39:59+00:00,2025-11-17 11:41:26+00:00,128.18,SRVO-324,
137,1,2025-11-17 11:41:36+00:00,2025-11-17 11:42:20+00:00,50.13,,
137,2,2025-11-17 11:41:36+00:00,2025-11-17 11:42:20+00:00,47.31,,
137,3,2025-11-17 11:41:36+00:00,2025-11-17 11:42:20+00:00,61.0,,
137,4,2025-11-17 11:41:36+00:00,2025-11-17 11:42:20+00:00,44.32,,
137,5,2025-11-17 11:41:36+00:00,2025-11-17 11:42:20+00:00,72.19,,
137,6,2025-11-17 11:41:36+00:00,2025-11-17 11:42:20+00:00,87.97,,
138,1,2025-11-17 11:42:25+00:00,2025-11-17 11:43:44+00:00,32.35,,
138,2,2025-11-17 11:42:25+00:00,2025-11-17 11:43:44+00:00,50.93,,
138,3,2025-11-17 11:42:25+00:00,2025-11-17 11:43:44+00:00,51.25,,
138,4,2025-11-17 11:42:25+00:00,2025-11-17 11:43:44+00:00,49.89,,
138,5,2025-11-17 11:42:25+00:00,2025-11-17 11:43:44+00:00,49.47,,
138,6,2025-11-17 11:42:25+00:00,2025-11-17 11:43:44+00:00,63.19,,
139,1,2025-11-17 11:43:51+00:00,2025-11-17 11:44:54+00:00,47.58,,
139,2,2025-11-17 11:43:51+00:00,2025-11-17 11:44:54+00:00,66.49,,
139,3,2025-11-17 11:43:51+00:00,2025-11-17 11:44:54+00:00,121.02,,
139,4,2025-11-17 11:43:51+00:00,2025-11-17 11:44:54+00:00,67.94,,
139,5,2025-11-17 11:43:51+00:00,2025-11-17 11:44:54+00:00,83.72,,
139,6,2025-11-17 11:43:51+00:00,2025-11-17 11:44:54+00:00,76.42,,
140,1,2025-11-17 11:45:00+00:00,2025-11-17 11:46:05+00:00,43.27,,
140,2,2025-11-17 11:45:00+00:00,2025-11-17 11:46:05+00:00,61.63,,
140,3,2025-11-17 11:45:00+00:00,2025-11-17 11:46:05+00:00,68.93,,
140,4,2025-11-17 11:45:00+00:00,2025-11-17 11:46:05+00:00,71.42,,
140,5,2025-11-17 11:45:00+00:00,2025-11-17 11:46:05+00:00,59.7,,
140,6,2025-11-17 11:45:00+00:00,2025-11-17 11:46:05+00:00,70.16,,
141,1,2025-11-17 11:46:10+00:00,2025-11-17 11:47:40+00:00,49.96,,
141,2,2025-11-17 11:46:10+00:00,2025-11-17 11:47:40+00:00,54.59,,
141,3,2025-11-17 11:46:10+00:00,2025-11-17 11:47:40+00:00,101.58,SRVO-324,
141,4,2025-11-17 11:46:10+00:00,2025-11-17 11:47:40+00:00,44.85,,
141,5,2025-11-17 11:46:10+00:00,2025-11-17 11:47:40+00:00,65.78,,
141,6,2025-11-17 11:46:10+00:00,2025-11-17 11:47:40+00:00,81.26,,
142,1,2025-11-17 11:47:58+00:00,2025-11-17 11:49:14+00:00,48.91,,
142,2,2025-11-17 11:47:58+00:00,2025-11-17 11:49:14+00:00,39.54,,
142,3,2025-11-17 11:47:58+00:00,2025-11-17 11:49:14+00:00,45.0,,
142,4,2025-11-17 11:47:58+00:00,2025-11-17 11:49:14+00:00,64.94,,
142,5,2025-11-17 11:47:58+00:00,2025-11-17 11:49:14+00:00,62.29,,
142,6,2025-11-17 11:47:58+00:00,2025-11-17 11:49:14+00:00,69.67,,
143,1,2025-11-17 11:49:29+00:00,2025-11-17 11:50:53+00:00,59.38,,
143,2,2025-11-17 11:49:29+00:00,2025-11-17 11:50:53+00:00,62.59,,
143,3,2025-11-17 11:49:29+00:00,2025-11-17 11:50:53+00:00,77.98,,
143,4,2025-11-17 11:49:29+00:00,2025-11-17 11:50:53+00:00,61.84,,
143,5,2025-11-17 11:49:29+00:00,2025-11-17 11:50:53+00:00,63.59,,
143,6,2025-11-17 11:49:29+00:00,2025-11-17 11:50:53+00:00,79.18,,
144,1,2025-11-17 11:51:12+00:00,2025-11-17 11:52:33+00:00,44.39,,
144,2,2025-11-17 11:51:12+00:00,2025-11-17 11:52:33+00:00,99.4,,
144,3,2025-11-17 11:51:12+00:00,2025-11-17 11:52:33+00:00,64.1,,
144,4,2025-11-17 11:51:12+00:00,2025-11-17 11:52:33+00:00,59.03,,
144,5,2025-11-17 11:51:12+00:00,2025-11-17 11:52:33+00:00,84.93,,
144,6,2025-11-17 11:51:12+00:00,2025-11-17 11:52:33+00:00,73.4,,
145,1,2025-11-17 11:52:52+00:00,2025-11-17 11:53:46+00:00,56.18,,
145,2,2025-11-17 11:52:52+00:00,2025-11-17 11:53:46+00:00,69.56,,
145,3,2025-11-17 11:52:52+00:00,2025-11-17 11:53:46+00:00,70.32,,
145,4,2025-11-17 11:52:52+00:00,2025-11-17 11:53:46+00:00,50.91,,
145,5,2025-11-17 11:52:52+00:00,2025-11-17 11:53:46+00:00,74.45,,
145,6,2025-11-17 11:52:52+00:00,2025-11-17 11:53:46+00:00,83.51,,
146,1,2025-11-17 11:54:03+00:00,2025-11-17 11:55:22+00:00,122.74,,
146,2,2025-11-17 11:54:03+00:00,2025-11-17 11:55:22+00:00,43.87,,
146,3,2025-11-17 11:54:03+00:00,2025-11-17 11:55:22+00:00,58.05,,
146,4,2025-11-17 11:54:03+00:00,2025-11-17 11:55:22+00:00,70.46,,
146,5,2025-11-17 11:54:03+00:00,2025-11-17 11:55:22+00:00,69.8,,
146,6,2025-11-17 11:54:03+00:00,2025-11-17 11:55:22+00:00,65.22,,
147,1,2025-11-17 11:55:40+00:00,2025-11-17 11:56:42+00:00,42.7,,
147,2,2025-11-17 11:55:40+00:00,2025-11-17 11:56:42+00:00,62.04,,
147,3,2025-11-17 11:55:40+00:00,2025-11-17 11:56:42+00:00,50.94,,
147,4,2025-11-17 11:55:40+00:00,2025-11-17 11:56:42+00:00,56.88,,
147,5,2025-11-17 11:55:40+00:00,2025-11-17 11:56:42+00:00,77.53,,
147,6,2025-11-17 11:55:40+00:00,2025-11-17 11:56:42+00:00,76.34,,
148,1,2025-11-17 11:56:48+00:00,2025-11-17 11:58:08+00:00,55.77,,
148,2,2025-11-17 11:56:48+00:00,2025-11-17 11:58:08+00:00,42.71,,
148,3,2025-11-17 11:56:48+00:00,2025-11-17 11:58:08+00:00,65.49,,
148,4,2025-11-17 11:56:48+00:00,2025-11-17 11:58:08+00:00,58.4,,
148,5,2025-11-17 11:56:48+00:00,2025-11-17 11:58:08+00:00,59.83,,
148,6,2025-11-17 11:56:48+00:00,2025-11-17 11:58:08+00:00,69.95,,
149,1,2025-11-17 11:58:20+00:00,2025-11-17 11:59:13+00:00,111.27,SRVO-324,
149,2,2025-11-17 11:58:20+00:00,2025-11-17 11:59:13+00:00,51.36,,
149,3,2025-11-17 11:58:20+00:00,2025-11-17 11:59:13+00:00,61.65,,
149,4,2025-11-17 11:58:20+00:00,2025-11-17 11:59:13+00:00,65.13,,
149,5,2025-11-17 11:58:20+00:00,2025-11-17 11:59:13+00:00,86.37,,
149,6,2025-11-17 11:58:20+00:00,2025-11-17 11:59:13+00:00,60.69,,
150,1,2025-11-17 11:59:28+00:00,2025-11-17 12:00:41+00:00,37.14,,
150,2,2025-11-17 11:59:28+00:00,2025-11-17 12:00:41+00:00,119.35,SRVO-324,
150,3,2025-11-17 11:59:28+00:00,2025-11-17 12:00:41+00:00,60.69,,
150,4,2025-11-17 11:59:28+00:00,2025-11-17 12:00:41+00:00,72.12,,
150,5,2025-11-17 11:59:28+00:00,2025-11-17 12:00:41+00:00,67.71,,
150,6,2025-11-17 11:59:28+00:00,2025-11-17 12:00:41+00:00,76.5,,
